ProductId,Keyword,Count
P1000-05,product,49
P1000-05,honey,55
P1000-05,calories,33
P1000-05,strawberry,10
P1000-05,sugar,23
P1000-05,packet,34
P1000-05,servings,11
P1000-05,maltodextrin,7
P1000-05,serving,10
P1000-05,flavor,33
P1000-05,drink,25
P1000-05,bottle of water,16
P1000-05,glass,18
P1000-05,water,51
P1000-05,powder,15
P1000-05,Stix Iced Green Tea Mix,8
P1000-05,water bottle,8
P1000-05,Lipton,40
P1000-05,blackberry,10
P1000-05,pomegranate,13
P1000-05,bottle,11
P1000-05,purse,16
P1000-05,bit,26
P1000-05,way,17
P1000-05,house,6
P1000-05,taste,41
P1000-05,green tea,25
P1000-05,flavors,14
P1000-05,artificial sweetener,14
P1000-05,artificial sweeteners,15
P1000-05,mouth,10
P1000-05,fact,12
P1000-05,br,20
P1000-05,money,6
P1000-05,tea,53
P1000-05,mango,16
P1000-05,stuff,12
P1000-05,citric acid,6
P1000-05,honey granules,9
P1000-05,hibiscus extract,6
P1000-05,green tea powder,6
P1000-05,natural flavor,7
P1000-05,cold water,6
P1000-05,Honey,18
P1000-05,Tea,13
P1000-05,mix,10
P1000-05,pineapple,11
P1000-05,time,14
P1000-05,aftertaste,11
P1000-05,Sucralose,8
P1000-05,sweetener,9
P1000-05,ingredients,14
P1000-05,products,10
P1000-05,work,7
P1000-05,sweetness,6
P1000-05,package,11
P1000-05,box,20
P1000-05,people,12
P1000-05,oz,9
P1000-05,tastes,8
P1000-05,ice,7
P1000-05,packets,17
P1000-05,drinks,9
P1000-05,kids,6
P1000-05,packaging,8
P1000-05,color,6
P1000-05,real tea leaves,6
P1000-05,stars,8
P1000-05,addition,7
P1000-05,aspartame,18
P1000-05,Stix,7
P1000-05,case,6
P1000-05,Splenda,6
P1000-05,sweeteners,7
P1000-05,shake,6
P1000-05,flavor,30
P1000-05,cups,26
P1000-05,fog chaser,7
P1000-05,Keurig,35
P1000-05,first time,6
P1000-05,coffee,123
P1000-05,company,11
P1000-05,way,14
P1000-05,product,18
P1000-05,cup,47
P1000-05,issue,6
P1000-05,review,6
P1000-05,sediment,8
P1000-05,br,30
P1000-05,husband,6
P1000-05,smell,9
P1000-05,box,15
P1000-05,bag,19
P1000-05,stuff,8
P1000-05,Fog Chaser,35
P1000-05,k-cups,18
P1000-05,brands,8
P1000-05,price,50
P1000-05,waste,7
P1000-05,money,8
P1000-05,subscription,7
P1000-05,less waste,7
P1000-05,time,12
P1000-05,Subscribe,7
P1000-05,fact,9
P1000-05,brand,11
P1000-05,K-cups,16
P1000-05,container,8
P1000-05,pod,11
P1000-05,Amazon,19
P1000-05,pods,20
P1000-05,filter,12
P1000-05,reviews,12
P1000-05,taste,39
P1000-05,machine,8
P1000-05,Jet Fuel,8
P1000-05,k-cup,12
P1000-05,problem,8
P1000-05,freshness,16
P1000-05,pack,7
P1000-05,days,10
P1000-05,K-Cups,15
P1000-05,people,11
P1000-05,K-Cup,10
P1000-05,coffee grounds,7
P1000-05,air,17
P1000-05,lot,6
P1000-05,French Roast,10
P1000-05,K-cup,14
P1000-05,top,12
P1000-05,subscribe,8
P1000-05,regular k-cups,7
P1000-05,plastic,7
P1000-05,day,10
P1000-05,packaging,17
P1000-05,order,10
P1000-05,cost,8
P1000-05,reviewers,8
P1000-05,morning,12
P1000-05,grounds,11
P1000-05,package,9
P1000-05,design,8
P1000-05,bit,13
P1000-05,cup of coffee,9
P1000-05,ziplock bag,11
P1000-05,great price,7
P1000-05,plastic bags,8
P1000-05,name,6
P1000-05,plastic ring,6
P1000-05,stars,6
P1000-05,bottom,12
P1000-05,folks,6
P1000-05,plastic cup,6
P1000-05,water,9
P1000-05,strong coffee,9
P1000-05,sealed bag,6
P1000-05,plastic bag,10
P1000-05,aroma,10
P1000-05,cents,6
P1000-05,great coffee,6
P1000-05,work,14
P1000-05,Italian Roast,8
P1000-05,hot water,12
P1000-05,instant coffee,28
P1000-05,Starbucks,54
P1000-05,coffee,75
P1000-05,store,8
P1000-05,money,6
P1000-05,pack,14
P1000-05,day,13
P1000-05,home,13
P1000-05,time,21
P1000-05,br,12
P1000-05,Amazon,24
P1000-05,morning,14
P1000-05,price,14
P1000-05,packets,11
P1000-05,expiration date,10
P1000-05,problem,6
P1000-05,box,9
P1000-05,months,15
P1000-05,stuff,7
P1000-05,cup,32
P1000-05,instant coffees,11
P1000-05,water,11
P1000-05,cup of coffee,9
P1000-05,package,11
P1000-05,VIA,6
P1000-05,times,11
P1000-05,beans,9
P1000-05,product,29
P1000-05,starbucks,6
P1000-05,way,9
P1000-05,taste,15
P1000-05,instant,12
P1000-05,packet,14
P1000-05,cost,9
P1000-05,month,8
P1000-05,flavor,16
P1000-05,date,7
P1000-05,real thing,6
P1000-05,people,8
P1000-05,Starbucks coffee,8
P1000-05,cents,8
P1000-05,sugar,34
P1000-05,calories,11
P1000-05,product,38
P1000-05,reviews,7
P1000-05,husband,9
P1000-05,Amazon,13
P1000-05,taste,39
P1000-05,item,7
P1000-05,instant coffee,23
P1000-05,money,20
P1000-05,box,18
P1000-05,people,6
P1000-05,time,6
P1000-05,coffee,56
P1000-05,Keurig,14
P1000-05,cup,35
P1000-05,cream,11
P1000-05,flavor,15
P1000-05,water,6
P1000-05,drink,8
P1000-05,morning,12
P1000-05,K-cups,8
P1000-05,brewing,6
P1000-05,k-cup,8
P1000-05,machine,11
P1000-05,cappuccino,27
P1000-05,K-Cups,7
P1000-05,gas station,14
P1000-05,stuff,15
P1000-05,br,23
P1000-05,boxes,6
P1000-05,Cappuccino,7
P1000-05,day,10
P1000-05,top,7
P1000-05,creamer,8
P1000-05,Grove Square,8
P1000-05,hot water,7
P1000-05,way,9
P1000-05,gas station cappuccino,7
P1000-05,cups,10
P1000-05,price,18
P1000-05,milk,9
P1000-05,French Vanilla,13
P1000-05,coffee taste,6
P1000-05,k-cups,22
P1000-05,Brooklyn Bean Roastery,11
P1000-05,grounds,41
P1000-05,way,9
P1000-05,cup,51
P1000-05,flavors,9
P1000-05,company,26
P1000-05,brands,12
P1000-05,coffee grounds,26
P1000-05,coffee,101
P1000-05,problem,28
P1000-05,packaging,11
P1000-05,K-cups,9
P1000-05,K-Cups,9
P1000-05,brand,13
P1000-05,mess,10
P1000-05,Brooklyn Bridge,8
P1000-05,wife,7
P1000-05,box,26
P1000-05,Brooklyn,13
P1000-05,reviews,16
P1000-05,pods,13
P1000-05,br,31
P1000-05,taste,18
P1000-05,product,23
P1000-05,k-cup,11
P1000-05,Amazon,17
P1000-05,Keurig,21
P1000-05,cups,35
P1000-05,brewer,9
P1000-05,issue,17
P1000-05,issues,12
P1000-05,kcups,6
P1000-05,work,7
P1000-05,time,12
P1000-05,Keurig machine,7
P1000-05,thing,9
P1000-05,flavor,17
P1000-05,review,12
P1000-05,problems,17
P1000-05,reviewers,6
P1000-05,filter,6
P1000-05,K-cup,6
P1000-05,money,11
P1000-05,machine,19
P1000-05,things,6
P1000-05,water,12
P1000-05,Cyclone,13
P1000-05,Brooklyn Bean,9
P1000-05,foil,6
P1000-05,Brooklyn Bridge Blend,8
P1000-05,price,18
P1000-05,French Roast,12
P1000-05,cup of coffee,7
P1000-05,stars,8
P1000-05,morning,9
P1000-05,fact,6
P1000-05,day,13
P1000-05,customers,6
P1000-05,Keurig K-Cup Brewers,6
P1000-05,Fuhgeddaboudit,11
P1000-05,counter,6
P1000-05,stuff,6
P1000-05,order,7
P1000-05,grinds,8
P1000-05,UPDATE,9
P1000-05,people,7
P1000-01,product,49
P1000-01,honey,55
P1000-01,calories,33
P1000-01,strawberry,10
P1000-01,sugar,23
P1000-01,packet,34
P1000-01,servings,11
P1000-01,maltodextrin,7
P1000-01,serving,10
P1000-01,flavor,33
P1000-01,drink,25
P1000-01,bottle of water,16
P1000-01,glass,18
P1000-01,water,51
P1000-01,powder,15
P1000-01,Stix Iced Green Tea Mix,8
P1000-01,water bottle,8
P1000-01,Lipton,40
P1000-01,blackberry,10
P1000-01,pomegranate,13
P1000-01,bottle,11
P1000-01,purse,16
P1000-01,bit,26
P1000-01,way,17
P1000-01,house,6
P1000-01,taste,41
P1000-01,green tea,25
P1000-01,flavors,14
P1000-01,artificial sweetener,14
P1000-01,artificial sweeteners,15
P1000-01,mouth,10
P1000-01,fact,12
P1000-01,br,20
P1000-01,money,6
P1000-01,tea,53
P1000-01,mango,16
P1000-01,stuff,12
P1000-01,citric acid,6
P1000-01,honey granules,9
P1000-01,hibiscus extract,6
P1000-01,green tea powder,6
P1000-01,natural flavor,7
P1000-01,cold water,6
P1000-01,Honey,18
P1000-01,Tea,13
P1000-01,mix,10
P1000-01,pineapple,11
P1000-01,time,14
P1000-01,aftertaste,11
P1000-01,Sucralose,8
P1000-01,sweetener,9
P1000-01,ingredients,14
P1000-01,products,10
P1000-01,work,7
P1000-01,sweetness,6
P1000-01,package,11
P1000-01,box,20
P1000-01,people,12
P1000-01,oz,9
P1000-01,tastes,8
P1000-01,ice,7
P1000-01,packets,17
P1000-01,drinks,9
P1000-01,kids,6
P1000-01,packaging,8
P1000-01,color,6
P1000-01,real tea leaves,6
P1000-01,stars,8
P1000-01,addition,7
P1000-01,aspartame,18
P1000-01,Stix,7
P1000-01,case,6
P1000-01,Splenda,6
P1000-01,sweeteners,7
P1000-01,shake,6
P1000-01,flavor,30
P1000-01,cups,26
P1000-01,fog chaser,7
P1000-01,Keurig,35
P1000-01,first time,6
P1000-01,coffee,123
P1000-01,company,11
P1000-01,way,14
P1000-01,product,18
P1000-01,cup,47
P1000-01,issue,6
P1000-01,review,6
P1000-01,sediment,8
P1000-01,br,30
P1000-01,husband,6
P1000-01,smell,9
P1000-01,box,15
P1000-01,bag,19
P1000-01,stuff,8
P1000-01,Fog Chaser,35
P1000-01,k-cups,18
P1000-01,brands,8
P1000-01,price,50
P1000-01,waste,7
P1000-01,money,8
P1000-01,subscription,7
P1000-01,less waste,7
P1000-01,time,12
P1000-01,Subscribe,7
P1000-01,fact,9
P1000-01,brand,11
P1000-01,K-cups,16
P1000-01,container,8
P1000-01,pod,11
P1000-01,Amazon,19
P1000-01,pods,20
P1000-01,filter,12
P1000-01,reviews,12
P1000-01,taste,39
P1000-01,machine,8
P1000-01,Jet Fuel,8
P1000-01,k-cup,12
P1000-01,problem,8
P1000-01,freshness,16
P1000-01,pack,7
P1000-01,days,10
P1000-01,K-Cups,15
P1000-01,people,11
P1000-01,K-Cup,10
P1000-01,coffee grounds,7
P1000-01,air,17
P1000-01,lot,6
P1000-01,French Roast,10
P1000-01,K-cup,14
P1000-01,top,12
P1000-01,subscribe,8
P1000-01,regular k-cups,7
P1000-01,plastic,7
P1000-01,day,10
P1000-01,packaging,17
P1000-01,order,10
P1000-01,cost,8
P1000-01,reviewers,8
P1000-01,morning,12
P1000-01,grounds,11
P1000-01,package,9
P1000-01,design,8
P1000-01,bit,13
P1000-01,cup of coffee,9
P1000-01,ziplock bag,11
P1000-01,great price,7
P1000-01,plastic bags,8
P1000-01,name,6
P1000-01,plastic ring,6
P1000-01,stars,6
P1000-01,bottom,12
P1000-01,folks,6
P1000-01,plastic cup,6
P1000-01,water,9
P1000-01,strong coffee,9
P1000-01,sealed bag,6
P1000-01,plastic bag,10
P1000-01,aroma,10
P1000-01,cents,6
P1000-01,great coffee,6
P1000-01,work,14
P1000-01,Italian Roast,8
P1000-01,hot water,12
P1000-01,instant coffee,28
P1000-01,Starbucks,54
P1000-01,coffee,75
P1000-01,store,8
P1000-01,money,6
P1000-01,pack,14
P1000-01,day,13
P1000-01,home,13
P1000-01,time,21
P1000-01,br,12
P1000-01,Amazon,24
P1000-01,morning,14
P1000-01,price,14
P1000-01,packets,11
P1000-01,expiration date,10
P1000-01,problem,6
P1000-01,box,9
P1000-01,months,15
P1000-01,stuff,7
P1000-01,cup,32
P1000-01,instant coffees,11
P1000-01,water,11
P1000-01,cup of coffee,9
P1000-01,package,11
P1000-01,VIA,6
P1000-01,times,11
P1000-01,beans,9
P1000-01,product,29
P1000-01,starbucks,6
P1000-01,way,9
P1000-01,taste,15
P1000-01,instant,12
P1000-01,packet,14
P1000-01,cost,9
P1000-01,month,8
P1000-01,flavor,16
P1000-01,date,7
P1000-01,real thing,6
P1000-01,people,8
P1000-01,Starbucks coffee,8
P1000-01,cents,8
P1000-01,sugar,34
P1000-01,calories,11
P1000-01,product,38
P1000-01,reviews,7
P1000-01,husband,9
P1000-01,Amazon,13
P1000-01,taste,39
P1000-01,item,7
P1000-01,instant coffee,23
P1000-01,money,20
P1000-01,box,18
P1000-01,people,6
P1000-01,time,6
P1000-01,coffee,56
P1000-01,Keurig,14
P1000-01,cup,35
P1000-01,cream,11
P1000-01,flavor,15
P1000-01,water,6
P1000-01,drink,8
P1000-01,morning,12
P1000-01,K-cups,8
P1000-01,brewing,6
P1000-01,k-cup,8
P1000-01,machine,11
P1000-01,cappuccino,27
P1000-01,K-Cups,7
P1000-01,gas station,14
P1000-01,stuff,15
P1000-01,br,23
P1000-01,boxes,6
P1000-01,Cappuccino,7
P1000-01,day,10
P1000-01,top,7
P1000-01,creamer,8
P1000-01,Grove Square,8
P1000-01,hot water,7
P1000-01,way,9
P1000-01,gas station cappuccino,7
P1000-01,cups,10
P1000-01,price,18
P1000-01,milk,9
P1000-01,French Vanilla,13
P1000-01,coffee taste,6
P1000-01,k-cups,22
P1000-01,Brooklyn Bean Roastery,11
P1000-01,grounds,41
P1000-01,way,9
P1000-01,cup,51
P1000-01,flavors,9
P1000-01,company,26
P1000-01,brands,12
P1000-01,coffee grounds,26
P1000-01,coffee,101
P1000-01,problem,28
P1000-01,packaging,11
P1000-01,K-cups,9
P1000-01,K-Cups,9
P1000-01,brand,13
P1000-01,mess,10
P1000-01,Brooklyn Bridge,8
P1000-01,wife,7
P1000-01,box,26
P1000-01,Brooklyn,13
P1000-01,reviews,16
P1000-01,pods,13
P1000-01,br,31
P1000-01,taste,18
P1000-01,product,23
P1000-01,k-cup,11
P1000-01,Amazon,17
P1000-01,Keurig,21
P1000-01,cups,35
P1000-01,brewer,9
P1000-01,issue,17
P1000-01,issues,12
P1000-01,kcups,6
P1000-01,work,7
P1000-01,time,12
P1000-01,Keurig machine,7
P1000-01,thing,9
P1000-01,flavor,17
P1000-01,review,12
P1000-01,problems,17
P1000-01,reviewers,6
P1000-01,filter,6
P1000-01,K-cup,6
P1000-01,money,11
P1000-01,machine,19
P1000-01,things,6
P1000-01,water,12
P1000-01,Cyclone,13
P1000-01,Brooklyn Bean,9
P1000-01,foil,6
P1000-01,Brooklyn Bridge Blend,8
P1000-01,price,18
P1000-01,French Roast,12
P1000-01,cup of coffee,7
P1000-01,stars,8
P1000-01,morning,9
P1000-01,fact,6
P1000-01,day,13
P1000-01,customers,6
P1000-01,Keurig K-Cup Brewers,6
P1000-01,Fuhgeddaboudit,11
P1000-01,counter,6
P1000-01,stuff,6
P1000-01,order,7
P1000-01,grinds,8
P1000-01,UPDATE,9
P1000-01,people,7
P1000-04,product,49
P1000-04,honey,55
P1000-04,calories,33
P1000-04,strawberry,10
P1000-04,sugar,23
P1000-04,packet,34
P1000-04,servings,11
P1000-04,maltodextrin,7
P1000-04,serving,10
P1000-04,flavor,33
P1000-04,drink,25
P1000-04,bottle of water,16
P1000-04,glass,18
P1000-04,water,51
P1000-04,powder,15
P1000-04,Stix Iced Green Tea Mix,8
P1000-04,water bottle,8
P1000-04,Lipton,40
P1000-04,blackberry,10
P1000-04,pomegranate,13
P1000-04,bottle,11
P1000-04,purse,16
P1000-04,bit,26
P1000-04,way,17
P1000-04,house,6
P1000-04,taste,41
P1000-04,green tea,25
P1000-04,flavors,14
P1000-04,artificial sweetener,14
P1000-04,artificial sweeteners,15
P1000-04,mouth,10
P1000-04,fact,12
P1000-04,br,20
P1000-04,money,6
P1000-04,tea,53
P1000-04,mango,16
P1000-04,stuff,12
P1000-04,citric acid,6
P1000-04,honey granules,9
P1000-04,hibiscus extract,6
P1000-04,green tea powder,6
P1000-04,natural flavor,7
P1000-04,cold water,6
P1000-04,Honey,18
P1000-04,Tea,13
P1000-04,mix,10
P1000-04,pineapple,11
P1000-04,time,14
P1000-04,aftertaste,11
P1000-04,Sucralose,8
P1000-04,sweetener,9
P1000-04,ingredients,14
P1000-04,products,10
P1000-04,work,7
P1000-04,sweetness,6
P1000-04,package,11
P1000-04,box,20
P1000-04,people,12
P1000-04,oz,9
P1000-04,tastes,8
P1000-04,ice,7
P1000-04,packets,17
P1000-04,drinks,9
P1000-04,kids,6
P1000-04,packaging,8
P1000-04,color,6
P1000-04,real tea leaves,6
P1000-04,stars,8
P1000-04,addition,7
P1000-04,aspartame,18
P1000-04,Stix,7
P1000-04,case,6
P1000-04,Splenda,6
P1000-04,sweeteners,7
P1000-04,shake,6
P1000-04,flavor,30
P1000-04,cups,26
P1000-04,fog chaser,7
P1000-04,Keurig,35
P1000-04,first time,6
P1000-04,coffee,123
P1000-04,company,11
P1000-04,way,14
P1000-04,product,18
P1000-04,cup,47
P1000-04,issue,6
P1000-04,review,6
P1000-04,sediment,8
P1000-04,br,30
P1000-04,husband,6
P1000-04,smell,9
P1000-04,box,15
P1000-04,bag,19
P1000-04,stuff,8
P1000-04,Fog Chaser,35
P1000-04,k-cups,18
P1000-04,brands,8
P1000-04,price,50
P1000-04,waste,7
P1000-04,money,8
P1000-04,subscription,7
P1000-04,less waste,7
P1000-04,time,12
P1000-04,Subscribe,7
P1000-04,fact,9
P1000-04,brand,11
P1000-04,K-cups,16
P1000-04,container,8
P1000-04,pod,11
P1000-04,Amazon,19
P1000-04,pods,20
P1000-04,filter,12
P1000-04,reviews,12
P1000-04,taste,39
P1000-04,machine,8
P1000-04,Jet Fuel,8
P1000-04,k-cup,12
P1000-04,problem,8
P1000-04,freshness,16
P1000-04,pack,7
P1000-04,days,10
P1000-04,K-Cups,15
P1000-04,people,11
P1000-04,K-Cup,10
P1000-04,coffee grounds,7
P1000-04,air,17
P1000-04,lot,6
P1000-04,French Roast,10
P1000-04,K-cup,14
P1000-04,top,12
P1000-04,subscribe,8
P1000-04,regular k-cups,7
P1000-04,plastic,7
P1000-04,day,10
P1000-04,packaging,17
P1000-04,order,10
P1000-04,cost,8
P1000-04,reviewers,8
P1000-04,morning,12
P1000-04,grounds,11
P1000-04,package,9
P1000-04,design,8
P1000-04,bit,13
P1000-04,cup of coffee,9
P1000-04,ziplock bag,11
P1000-04,great price,7
P1000-04,plastic bags,8
P1000-04,name,6
P1000-04,plastic ring,6
P1000-04,stars,6
P1000-04,bottom,12
P1000-04,folks,6
P1000-04,plastic cup,6
P1000-04,water,9
P1000-04,strong coffee,9
P1000-04,sealed bag,6
P1000-04,plastic bag,10
P1000-04,aroma,10
P1000-04,cents,6
P1000-04,great coffee,6
P1000-04,work,14
P1000-04,Italian Roast,8
P1000-04,hot water,12
P1000-04,instant coffee,28
P1000-04,Starbucks,54
P1000-04,coffee,75
P1000-04,store,8
P1000-04,money,6
P1000-04,pack,14
P1000-04,day,13
P1000-04,home,13
P1000-04,time,21
P1000-04,br,12
P1000-04,Amazon,24
P1000-04,morning,14
P1000-04,price,14
P1000-04,packets,11
P1000-04,expiration date,10
P1000-04,problem,6
P1000-04,box,9
P1000-04,months,15
P1000-04,stuff,7
P1000-04,cup,32
P1000-04,instant coffees,11
P1000-04,water,11
P1000-04,cup of coffee,9
P1000-04,package,11
P1000-04,VIA,6
P1000-04,times,11
P1000-04,beans,9
P1000-04,product,29
P1000-04,starbucks,6
P1000-04,way,9
P1000-04,taste,15
P1000-04,instant,12
P1000-04,packet,14
P1000-04,cost,9
P1000-04,month,8
P1000-04,flavor,16
P1000-04,date,7
P1000-04,real thing,6
P1000-04,people,8
P1000-04,Starbucks coffee,8
P1000-04,cents,8
P1000-04,sugar,34
P1000-04,calories,11
P1000-04,product,38
P1000-04,reviews,7
P1000-04,husband,9
P1000-04,Amazon,13
P1000-04,taste,39
P1000-04,item,7
P1000-04,instant coffee,23
P1000-04,money,20
P1000-04,box,18
P1000-04,people,6
P1000-04,time,6
P1000-04,coffee,56
P1000-04,Keurig,14
P1000-04,cup,35
P1000-04,cream,11
P1000-04,flavor,15
P1000-04,water,6
P1000-04,drink,8
P1000-04,morning,12
P1000-04,K-cups,8
P1000-04,brewing,6
P1000-04,k-cup,8
P1000-04,machine,11
P1000-04,cappuccino,27
P1000-04,K-Cups,7
P1000-04,gas station,14
P1000-04,stuff,15
P1000-04,br,23
P1000-04,boxes,6
P1000-04,Cappuccino,7
P1000-04,day,10
P1000-04,top,7
P1000-04,creamer,8
P1000-04,Grove Square,8
P1000-04,hot water,7
P1000-04,way,9
P1000-04,gas station cappuccino,7
P1000-04,cups,10
P1000-04,price,18
P1000-04,milk,9
P1000-04,French Vanilla,13
P1000-04,coffee taste,6
P1000-04,k-cups,22
P1000-04,Brooklyn Bean Roastery,11
P1000-04,grounds,41
P1000-04,way,9
P1000-04,cup,51
P1000-04,flavors,9
P1000-04,company,26
P1000-04,brands,12
P1000-04,coffee grounds,26
P1000-04,coffee,101
P1000-04,problem,28
P1000-04,packaging,11
P1000-04,K-cups,9
P1000-04,K-Cups,9
P1000-04,brand,13
P1000-04,mess,10
P1000-04,Brooklyn Bridge,8
P1000-04,wife,7
P1000-04,box,26
P1000-04,Brooklyn,13
P1000-04,reviews,16
P1000-04,pods,13
P1000-04,br,31
P1000-04,taste,18
P1000-04,product,23
P1000-04,k-cup,11
P1000-04,Amazon,17
P1000-04,Keurig,21
P1000-04,cups,35
P1000-04,brewer,9
P1000-04,issue,17
P1000-04,issues,12
P1000-04,kcups,6
P1000-04,work,7
P1000-04,time,12
P1000-04,Keurig machine,7
P1000-04,thing,9
P1000-04,flavor,17
P1000-04,review,12
P1000-04,problems,17
P1000-04,reviewers,6
P1000-04,filter,6
P1000-04,K-cup,6
P1000-04,money,11
P1000-04,machine,19
P1000-04,things,6
P1000-04,water,12
P1000-04,Cyclone,13
P1000-04,Brooklyn Bean,9
P1000-04,foil,6
P1000-04,Brooklyn Bridge Blend,8
P1000-04,price,18
P1000-04,French Roast,12
P1000-04,cup of coffee,7
P1000-04,stars,8
P1000-04,morning,9
P1000-04,fact,6
P1000-04,day,13
P1000-04,customers,6
P1000-04,Keurig K-Cup Brewers,6
P1000-04,Fuhgeddaboudit,11
P1000-04,counter,6
P1000-04,stuff,6
P1000-04,order,7
P1000-04,grinds,8
P1000-04,UPDATE,9
P1000-04,people,7
P1000-02,product,49
P1000-02,honey,55
P1000-02,calories,33
P1000-02,strawberry,10
P1000-02,sugar,23
P1000-02,packet,34
P1000-02,servings,11
P1000-02,maltodextrin,7
P1000-02,serving,10
P1000-02,flavor,33
P1000-02,drink,25
P1000-02,bottle of water,16
P1000-02,glass,18
P1000-02,water,51
P1000-02,powder,15
P1000-02,Stix Iced Green Tea Mix,8
P1000-02,water bottle,8
P1000-02,Lipton,40
P1000-02,blackberry,10
P1000-02,pomegranate,13
P1000-02,bottle,11
P1000-02,purse,16
P1000-02,bit,26
P1000-02,way,17
P1000-02,house,6
P1000-02,taste,41
P1000-02,green tea,25
P1000-02,flavors,14
P1000-02,artificial sweetener,14
P1000-02,artificial sweeteners,15
P1000-02,mouth,10
P1000-02,fact,12
P1000-02,br,20
P1000-02,money,6
P1000-02,tea,53
P1000-02,mango,16
P1000-02,stuff,12
P1000-02,citric acid,6
P1000-02,honey granules,9
P1000-02,hibiscus extract,6
P1000-02,green tea powder,6
P1000-02,natural flavor,7
P1000-02,cold water,6
P1000-02,Honey,18
P1000-02,Tea,13
P1000-02,mix,10
P1000-02,pineapple,11
P1000-02,time,14
P1000-02,aftertaste,11
P1000-02,Sucralose,8
P1000-02,sweetener,9
P1000-02,ingredients,14
P1000-02,products,10
P1000-02,work,7
P1000-02,sweetness,6
P1000-02,package,11
P1000-02,box,20
P1000-02,people,12
P1000-02,oz,9
P1000-02,tastes,8
P1000-02,ice,7
P1000-02,packets,17
P1000-02,drinks,9
P1000-02,kids,6
P1000-02,packaging,8
P1000-02,color,6
P1000-02,real tea leaves,6
P1000-02,stars,8
P1000-02,addition,7
P1000-02,aspartame,18
P1000-02,Stix,7
P1000-02,case,6
P1000-02,Splenda,6
P1000-02,sweeteners,7
P1000-02,shake,6
P1000-02,flavor,30
P1000-02,cups,26
P1000-02,fog chaser,7
P1000-02,Keurig,35
P1000-02,first time,6
P1000-02,coffee,123
P1000-02,company,11
P1000-02,way,14
P1000-02,product,18
P1000-02,cup,47
P1000-02,issue,6
P1000-02,review,6
P1000-02,sediment,8
P1000-02,br,30
P1000-02,husband,6
P1000-02,smell,9
P1000-02,box,15
P1000-02,bag,19
P1000-02,stuff,8
P1000-02,Fog Chaser,35
P1000-02,k-cups,18
P1000-02,brands,8
P1000-02,price,50
P1000-02,waste,7
P1000-02,money,8
P1000-02,subscription,7
P1000-02,less waste,7
P1000-02,time,12
P1000-02,Subscribe,7
P1000-02,fact,9
P1000-02,brand,11
P1000-02,K-cups,16
P1000-02,container,8
P1000-02,pod,11
P1000-02,Amazon,19
P1000-02,pods,20
P1000-02,filter,12
P1000-02,reviews,12
P1000-02,taste,39
P1000-02,machine,8
P1000-02,Jet Fuel,8
P1000-02,k-cup,12
P1000-02,problem,8
P1000-02,freshness,16
P1000-02,pack,7
P1000-02,days,10
P1000-02,K-Cups,15
P1000-02,people,11
P1000-02,K-Cup,10
P1000-02,coffee grounds,7
P1000-02,air,17
P1000-02,lot,6
P1000-02,French Roast,10
P1000-02,K-cup,14
P1000-02,top,12
P1000-02,subscribe,8
P1000-02,regular k-cups,7
P1000-02,plastic,7
P1000-02,day,10
P1000-02,packaging,17
P1000-02,order,10
P1000-02,cost,8
P1000-02,reviewers,8
P1000-02,morning,12
P1000-02,grounds,11
P1000-02,package,9
P1000-02,design,8
P1000-02,bit,13
P1000-02,cup of coffee,9
P1000-02,ziplock bag,11
P1000-02,great price,7
P1000-02,plastic bags,8
P1000-02,name,6
P1000-02,plastic ring,6
P1000-02,stars,6
P1000-02,bottom,12
P1000-02,folks,6
P1000-02,plastic cup,6
P1000-02,water,9
P1000-02,strong coffee,9
P1000-02,sealed bag,6
P1000-02,plastic bag,10
P1000-02,aroma,10
P1000-02,cents,6
P1000-02,great coffee,6
P1000-02,work,14
P1000-02,Italian Roast,8
P1000-02,hot water,12
P1000-02,instant coffee,28
P1000-02,Starbucks,54
P1000-02,coffee,75
P1000-02,store,8
P1000-02,money,6
P1000-02,pack,14
P1000-02,day,13
P1000-02,home,13
P1000-02,time,21
P1000-02,br,12
P1000-02,Amazon,24
P1000-02,morning,14
P1000-02,price,14
P1000-02,packets,11
P1000-02,expiration date,10
P1000-02,problem,6
P1000-02,box,9
P1000-02,months,15
P1000-02,stuff,7
P1000-02,cup,32
P1000-02,instant coffees,11
P1000-02,water,11
P1000-02,cup of coffee,9
P1000-02,package,11
P1000-02,VIA,6
P1000-02,times,11
P1000-02,beans,9
P1000-02,product,29
P1000-02,starbucks,6
P1000-02,way,9
P1000-02,taste,15
P1000-02,instant,12
P1000-02,packet,14
P1000-02,cost,9
P1000-02,month,8
P1000-02,flavor,16
P1000-02,date,7
P1000-02,real thing,6
P1000-02,people,8
P1000-02,Starbucks coffee,8
P1000-02,cents,8
P1000-02,sugar,34
P1000-02,calories,11
P1000-02,product,38
P1000-02,reviews,7
P1000-02,husband,9
P1000-02,Amazon,13
P1000-02,taste,39
P1000-02,item,7
P1000-02,instant coffee,23
P1000-02,money,20
P1000-02,box,18
P1000-02,people,6
P1000-02,time,6
P1000-02,coffee,56
P1000-02,Keurig,14
P1000-02,cup,35
P1000-02,cream,11
P1000-02,flavor,15
P1000-02,water,6
P1000-02,drink,8
P1000-02,morning,12
P1000-02,K-cups,8
P1000-02,brewing,6
P1000-02,k-cup,8
P1000-02,machine,11
P1000-02,cappuccino,27
P1000-02,K-Cups,7
P1000-02,gas station,14
P1000-02,stuff,15
P1000-02,br,23
P1000-02,boxes,6
P1000-02,Cappuccino,7
P1000-02,day,10
P1000-02,top,7
P1000-02,creamer,8
P1000-02,Grove Square,8
P1000-02,hot water,7
P1000-02,way,9
P1000-02,gas station cappuccino,7
P1000-02,cups,10
P1000-02,price,18
P1000-02,milk,9
P1000-02,French Vanilla,13
P1000-02,coffee taste,6
P1000-02,k-cups,22
P1000-02,Brooklyn Bean Roastery,11
P1000-02,grounds,41
P1000-02,way,9
P1000-02,cup,51
P1000-02,flavors,9
P1000-02,company,26
P1000-02,brands,12
P1000-02,coffee grounds,26
P1000-02,coffee,101
P1000-02,problem,28
P1000-02,packaging,11
P1000-02,K-cups,9
P1000-02,K-Cups,9
P1000-02,brand,13
P1000-02,mess,10
P1000-02,Brooklyn Bridge,8
P1000-02,wife,7
P1000-02,box,26
P1000-02,Brooklyn,13
P1000-02,reviews,16
P1000-02,pods,13
P1000-02,br,31
P1000-02,taste,18
P1000-02,product,23
P1000-02,k-cup,11
P1000-02,Amazon,17
P1000-02,Keurig,21
P1000-02,cups,35
P1000-02,brewer,9
P1000-02,issue,17
P1000-02,issues,12
P1000-02,kcups,6
P1000-02,work,7
P1000-02,time,12
P1000-02,Keurig machine,7
P1000-02,thing,9
P1000-02,flavor,17
P1000-02,review,12
P1000-02,problems,17
P1000-02,reviewers,6
P1000-02,filter,6
P1000-02,K-cup,6
P1000-02,money,11
P1000-02,machine,19
P1000-02,things,6
P1000-02,water,12
P1000-02,Cyclone,13
P1000-02,Brooklyn Bean,9
P1000-02,foil,6
P1000-02,Brooklyn Bridge Blend,8
P1000-02,price,18
P1000-02,French Roast,12
P1000-02,cup of coffee,7
P1000-02,stars,8
P1000-02,morning,9
P1000-02,fact,6
P1000-02,day,13
P1000-02,customers,6
P1000-02,Keurig K-Cup Brewers,6
P1000-02,Fuhgeddaboudit,11
P1000-02,counter,6
P1000-02,stuff,6
P1000-02,order,7
P1000-02,grinds,8
P1000-02,UPDATE,9
P1000-02,people,7
P1000-03,product,49
P1000-03,honey,55
P1000-03,calories,33
P1000-03,strawberry,10
P1000-03,sugar,23
P1000-03,packet,34
P1000-03,servings,11
P1000-03,maltodextrin,7
P1000-03,serving,10
P1000-03,flavor,33
P1000-03,drink,25
P1000-03,bottle of water,16
P1000-03,glass,18
P1000-03,water,51
P1000-03,powder,15
P1000-03,Stix Iced Green Tea Mix,8
P1000-03,water bottle,8
P1000-03,Lipton,40
P1000-03,blackberry,10
P1000-03,pomegranate,13
P1000-03,bottle,11
P1000-03,purse,16
P1000-03,bit,26
P1000-03,way,17
P1000-03,house,6
P1000-03,taste,41
P1000-03,green tea,25
P1000-03,flavors,14
P1000-03,artificial sweetener,14
P1000-03,artificial sweeteners,15
P1000-03,mouth,10
P1000-03,fact,12
P1000-03,br,20
P1000-03,money,6
P1000-03,tea,53
P1000-03,mango,16
P1000-03,stuff,12
P1000-03,citric acid,6
P1000-03,honey granules,9
P1000-03,hibiscus extract,6
P1000-03,green tea powder,6
P1000-03,natural flavor,7
P1000-03,cold water,6
P1000-03,Honey,18
P1000-03,Tea,13
P1000-03,mix,10
P1000-03,pineapple,11
P1000-03,time,14
P1000-03,aftertaste,11
P1000-03,Sucralose,8
P1000-03,sweetener,9
P1000-03,ingredients,14
P1000-03,products,10
P1000-03,work,7
P1000-03,sweetness,6
P1000-03,package,11
P1000-03,box,20
P1000-03,people,12
P1000-03,oz,9
P1000-03,tastes,8
P1000-03,ice,7
P1000-03,packets,17
P1000-03,drinks,9
P1000-03,kids,6
P1000-03,packaging,8
P1000-03,color,6
P1000-03,real tea leaves,6
P1000-03,stars,8
P1000-03,addition,7
P1000-03,aspartame,18
P1000-03,Stix,7
P1000-03,case,6
P1000-03,Splenda,6
P1000-03,sweeteners,7
P1000-03,shake,6
P1000-03,flavor,30
P1000-03,cups,26
P1000-03,fog chaser,7
P1000-03,Keurig,35
P1000-03,first time,6
P1000-03,coffee,123
P1000-03,company,11
P1000-03,way,14
P1000-03,product,18
P1000-03,cup,47
P1000-03,issue,6
P1000-03,review,6
P1000-03,sediment,8
P1000-03,br,30
P1000-03,husband,6
P1000-03,smell,9
P1000-03,box,15
P1000-03,bag,19
P1000-03,stuff,8
P1000-03,Fog Chaser,35
P1000-03,k-cups,18
P1000-03,brands,8
P1000-03,price,50
P1000-03,waste,7
P1000-03,money,8
P1000-03,subscription,7
P1000-03,less waste,7
P1000-03,time,12
P1000-03,Subscribe,7
P1000-03,fact,9
P1000-03,brand,11
P1000-03,K-cups,16
P1000-03,container,8
P1000-03,pod,11
P1000-03,Amazon,19
P1000-03,pods,20
P1000-03,filter,12
P1000-03,reviews,12
P1000-03,taste,39
P1000-03,machine,8
P1000-03,Jet Fuel,8
P1000-03,k-cup,12
P1000-03,problem,8
P1000-03,freshness,16
P1000-03,pack,7
P1000-03,days,10
P1000-03,K-Cups,15
P1000-03,people,11
P1000-03,K-Cup,10
P1000-03,coffee grounds,7
P1000-03,air,17
P1000-03,lot,6
P1000-03,French Roast,10
P1000-03,K-cup,14
P1000-03,top,12
P1000-03,subscribe,8
P1000-03,regular k-cups,7
P1000-03,plastic,7
P1000-03,day,10
P1000-03,packaging,17
P1000-03,order,10
P1000-03,cost,8
P1000-03,reviewers,8
P1000-03,morning,12
P1000-03,grounds,11
P1000-03,package,9
P1000-03,design,8
P1000-03,bit,13
P1000-03,cup of coffee,9
P1000-03,ziplock bag,11
P1000-03,great price,7
P1000-03,plastic bags,8
P1000-03,name,6
P1000-03,plastic ring,6
P1000-03,stars,6
P1000-03,bottom,12
P1000-03,folks,6
P1000-03,plastic cup,6
P1000-03,water,9
P1000-03,strong coffee,9
P1000-03,sealed bag,6
P1000-03,plastic bag,10
P1000-03,aroma,10
P1000-03,cents,6
P1000-03,great coffee,6
P1000-03,work,14
P1000-03,Italian Roast,8
P1000-03,hot water,12
P1000-03,instant coffee,28
P1000-03,Starbucks,54
P1000-03,coffee,75
P1000-03,store,8
P1000-03,money,6
P1000-03,pack,14
P1000-03,day,13
P1000-03,home,13
P1000-03,time,21
P1000-03,br,12
P1000-03,Amazon,24
P1000-03,morning,14
P1000-03,price,14
P1000-03,packets,11
P1000-03,expiration date,10
P1000-03,problem,6
P1000-03,box,9
P1000-03,months,15
P1000-03,stuff,7
P1000-03,cup,32
P1000-03,instant coffees,11
P1000-03,water,11
P1000-03,cup of coffee,9
P1000-03,package,11
P1000-03,VIA,6
P1000-03,times,11
P1000-03,beans,9
P1000-03,product,29
P1000-03,starbucks,6
P1000-03,way,9
P1000-03,taste,15
P1000-03,instant,12
P1000-03,packet,14
P1000-03,cost,9
P1000-03,month,8
P1000-03,flavor,16
P1000-03,date,7
P1000-03,real thing,6
P1000-03,people,8
P1000-03,Starbucks coffee,8
P1000-03,cents,8
P1000-03,sugar,34
P1000-03,calories,11
P1000-03,product,38
P1000-03,reviews,7
P1000-03,husband,9
P1000-03,Amazon,13
P1000-03,taste,39
P1000-03,item,7
P1000-03,instant coffee,23
P1000-03,money,20
P1000-03,box,18
P1000-03,people,6
P1000-03,time,6
P1000-03,coffee,56
P1000-03,Keurig,14
P1000-03,cup,35
P1000-03,cream,11
P1000-03,flavor,15
P1000-03,water,6
P1000-03,drink,8
P1000-03,morning,12
P1000-03,K-cups,8
P1000-03,brewing,6
P1000-03,k-cup,8
P1000-03,machine,11
P1000-03,cappuccino,27
P1000-03,K-Cups,7
P1000-03,gas station,14
P1000-03,stuff,15
P1000-03,br,23
P1000-03,boxes,6
P1000-03,Cappuccino,7
P1000-03,day,10
P1000-03,top,7
P1000-03,creamer,8
P1000-03,Grove Square,8
P1000-03,hot water,7
P1000-03,way,9
P1000-03,gas station cappuccino,7
P1000-03,cups,10
P1000-03,price,18
P1000-03,milk,9
P1000-03,French Vanilla,13
P1000-03,coffee taste,6
P1000-03,k-cups,22
P1000-03,Brooklyn Bean Roastery,11
P1000-03,grounds,41
P1000-03,way,9
P1000-03,cup,51
P1000-03,flavors,9
P1000-03,company,26
P1000-03,brands,12
P1000-03,coffee grounds,26
P1000-03,coffee,101
P1000-03,problem,28
P1000-03,packaging,11
P1000-03,K-cups,9
P1000-03,K-Cups,9
P1000-03,brand,13
P1000-03,mess,10
P1000-03,Brooklyn Bridge,8
P1000-03,wife,7
P1000-03,box,26
P1000-03,Brooklyn,13
P1000-03,reviews,16
P1000-03,pods,13
P1000-03,br,31
P1000-03,taste,18
P1000-03,product,23
P1000-03,k-cup,11
P1000-03,Amazon,17
P1000-03,Keurig,21
P1000-03,cups,35
P1000-03,brewer,9
P1000-03,issue,17
P1000-03,issues,12
P1000-03,kcups,6
P1000-03,work,7
P1000-03,time,12
P1000-03,Keurig machine,7
P1000-03,thing,9
P1000-03,flavor,17
P1000-03,review,12
P1000-03,problems,17
P1000-03,reviewers,6
P1000-03,filter,6
P1000-03,K-cup,6
P1000-03,money,11
P1000-03,machine,19
P1000-03,things,6
P1000-03,water,12
P1000-03,Cyclone,13
P1000-03,Brooklyn Bean,9
P1000-03,foil,6
P1000-03,Brooklyn Bridge Blend,8
P1000-03,price,18
P1000-03,French Roast,12
P1000-03,cup of coffee,7
P1000-03,stars,8
P1000-03,morning,9
P1000-03,fact,6
P1000-03,day,13
P1000-03,customers,6
P1000-03,Keurig K-Cup Brewers,6
P1000-03,Fuhgeddaboudit,11
P1000-03,counter,6
P1000-03,stuff,6
P1000-03,order,7
P1000-03,grinds,8
P1000-03,UPDATE,9
P1000-03,people,7
